Goal #,shortest_path,shortest_path,shortest_path,shortest_path,shortest_path,shortest_path,shortest_path,shortest_path,shortest_path,shortest_path,
,goal reach rate, plan path length, rollout path length, rollout path length std, plan path steps, plan path last distance to goal, rollout path last distance to goal, rollout path last distance to goal std, rollout path RMSE relative to plan path, rollout path RMSE relative to plan path std,
1,100.0,0.22386,0.22738,0.00148,16.0,0.012,0.00883,0.00151,0.00542,0.00136,
2,0.0,0.2397,0.28048,0.0001,41.0,0.0116,0.1047,0.00201,0.04577,0.00152,
5,0.0,0.31758,0.3934,0.0063,26.0,0.00603,0.06782,0.00271,0.0417,0.00304,
Mean of all goals,33.333333333333336,0.26038,0.30041999999999996,0.0026266666666666665,27.666666666666668,0.009876666666666667,0.060450000000000004,0.0020766666666666668,0.030963333333333332,0.0019733333333333334,
